[
  {
    "exchange": "NFO",
    "trade_id": "fc8bc240-5e94-4bd8-a17d-1a4535370d4f",
    "trading_symbol": "NIFTY22SEP16950CE",
    "ticker_symbol_dict": {
      "name": "NIFTY",
      "instrument_type": "CE",
      "strike": 16950.0,
      "expiry": "29-09-2022",
      "exchange": "NFO"
    },
    "underlying": null,
    "underlying_price": 0,
    "broker": "jugaadtrader",
    "uid": "jugaadtrader_RP7365",
    "strategy": "NiftyShortStraddleISL920",
    "direction": "SHORT",
    "product_type": "intraday",
    "is_futures": false,
    "is_options": true,
    "straddle_id": "06d0cf49-aae6-422e-96e0-faf888cb5104-jugaadtrader_RP7365",
    "option_type": null,
    "is_curency": false,
    "is_commodity": false,
    "place_market_order": false,
    "place_target_market_order": false,
    "intraday_squareoff_timestamp": 1664281500,
    "requested_entry": 141.4,
    "entry": 142.3,
    "quantity": 100,
    "filled_quantity": 100,
    "initial_stoploss": 169.68,
    "stoploss": 169.68,
    "max_loss": -3000.0,
    "target": 70.7,
    "partial_exit_price": 0,
    "partial_exit_quantity": 0,
    "cmp": 170,
    "tradestate": "completed",
    "timestamp": 1664250540,
    "create_timestamp": 1664257212,
    "start_timestamp": 1664257213,
    "end_timestamp": 1664258500,
    "pnl": -2770.0,
    "pnl_percentage": -19.47,
    "exit": 170,
    "exitreason": "SL_HIT",
    "entry_order": {
      "trading_symbol": "NIFTY22SEP16950CE",
      "exchange": "NSE",
      "uid": null,
      "product_type": "intraday",
      "order_type": "LIMIT",
      "price": 141.4,
      "trigger_price": 0,
      "quantity": 100,
      "direction": "SHORT",
      "order_id": 9060,
      "order_status": "COMPLETE",
      "average_price": 142.3,
      "filled_quantity": 100,
      "pending_quantity": 0,
      "orderplacetimestamp": 1664257213,
      "lastorderupdatetimestamp": 1664257213,
      "message": null,
      "order_": "entry_order"
    },
    "sl_order": {
      "trading_symbol": "NIFTY22SEP16950CE",
      "exchange": "NSE",
      "uid": null,
      "product_type": "intraday",
      "order_type": "SL_MARKET",
      "price": 0,
      "trigger_price": 169.68,
      "quantity": 100,
      "direction": "LONG",
      "order_id": 7020,
      "order_status": "COMPLETE",
      "average_price": 170,
      "filled_quantity": 100,
      "pending_quantity": 0,
      "orderplacetimestamp": 1664257239,
      "lastorderupdatetimestamp": 1664257239,
      "message": null,
      "order_": "sl_order"
    },
    "target_order": {
      "trading_symbol": "NIFTY22SEP16950CE",
      "exchange": "NSE",
      "uid": null,
      "product_type": "intraday",
      "order_type": "LIMIT",
      "price": 70.7,
      "trigger_price": 0,
      "quantity": 100,
      "direction": "LONG",
      "order_id": 3479,
      "order_status": "CANCELLED",
      "average_price": 0,
      "filled_quantity": 0,
      "pending_quantity": 0,
      "orderplacetimestamp": 1664257239,
      "lastorderupdatetimestamp": 1664258500,
      "message": null,
      "order_": "target_order"
    },
    "partial_exit_order": null
  },
  {
    "exchange": "NFO",
    "trade_id": "11111da0-b791-4b52-8603-38b99ed772de",
    "trading_symbol": "NIFTY22SEP16950PE",
    "ticker_symbol_dict": {
      "name": "NIFTY",
      "instrument_type": "PE",
      "strike": 16950.0,
      "expiry": "29-09-2022",
      "exchange": "NFO"
    },
    "underlying": null,
    "underlying_price": 0,
    "broker": "jugaadtrader",
    "uid": "jugaadtrader_RP7365",
    "strategy": "NiftyShortStraddleISL920",
    "direction": "SHORT",
    "product_type": "intraday",
    "is_futures": false,
    "is_options": true,
    "straddle_id": "06d0cf49-aae6-422e-96e0-faf888cb5104-jugaadtrader_RP7365",
    "option_type": null,
    "is_curency": false,
    "is_commodity": false,
    "place_market_order": false,
    "place_target_market_order": false,
    "intraday_squareoff_timestamp": 1664281500,
    "requested_entry": 131.35,
    "entry": 130.75,
    "quantity": 100,
    "filled_quantity": 100,
    "initial_stoploss": 157.62,
    "stoploss": 130.75,
    "max_loss": -3000.0,
    "target": 65.675,
    "partial_exit_price": 0,
    "partial_exit_quantity": 0,
    "cmp": 104.4,
    "tradestate": "active",
    "timestamp": 1664250540,
    "create_timestamp": 1664257212,
    "start_timestamp": 1664257213,
    "end_timestamp": null,
    "pnl": 2635.0,
    "pnl_percentage": 20.15,
    "exit": 0,
    "exitreason": null,
    "entry_order": {
      "trading_symbol": "NIFTY22SEP16950PE",
      "exchange": "NSE",
      "uid": null,
      "product_type": "intraday",
      "order_type": "LIMIT",
      "price": 131.35,
      "trigger_price": 0,
      "quantity": 100,
      "direction": "SHORT",
      "order_id": 5809,
      "order_status": "COMPLETE",
      "average_price": 130.75,
      "filled_quantity": 100,
      "pending_quantity": 0,
      "orderplacetimestamp": 1664257213,
      "lastorderupdatetimestamp": 1664257213,
      "message": null,
      "order_": "entry_order"
    },
    "sl_order": {
      "trading_symbol": "NIFTY22SEP16950PE",
      "exchange": "NSE",
      "uid": null,
      "product_type": "intraday",
      "order_type": "SL_MARKET",
      "price": 0,
      "trigger_price": 130.75,
      "quantity": 100,
      "direction": "LONG",
      "order_id": 9871,
      "order_status": "OPEN",
      "average_price": 0,
      "filled_quantity": 0,
      "pending_quantity": 0,
      "orderplacetimestamp": 1664257239,
      "lastorderupdatetimestamp": 1664258500,
      "message": null,
      "order_": "sl_order"
    },
    "target_order": {
      "trading_symbol": "NIFTY22SEP16950PE",
      "exchange": "NSE",
      "uid": null,
      "product_type": "intraday",
      "order_type": "LIMIT",
      "price": 65.675,
      "trigger_price": 0,
      "quantity": 100,
      "direction": "LONG",
      "order_id": 6235,
      "order_status": "OPEN",
      "average_price": 0,
      "filled_quantity": 0,
      "pending_quantity": 0,
      "orderplacetimestamp": 1664257239,
      "lastorderupdatetimestamp": 1664257239,
      "message": null,
      "order_": "target_order"
    },
    "partial_exit_order": null
  },
  {
    "exchange": "NFO",
    "trade_id": "77b916f7-3bbf-4262-bc58-d7419fc2414b",
    "trading_symbol": "BANKNIFTY22SEP38500CE",
    "ticker_symbol_dict": {
      "name": "BANKNIFTY",
      "instrument_type": "CE",
      "strike": 38500.0,
      "expiry": "29-09-2022",
      "exchange": "NFO"
    },
    "underlying": "BANKNIFTY",
    "underlying_price": 38472.15,
    "broker": "jugaadtrader",
    "uid": "jugaadtrader_RP7365",
    "strategy": "BankniftyStraddleAdjust",
    "direction": "SHORT",
    "product_type": "intraday",
    "is_futures": false,
    "is_options": true,
    "straddle_id": null,
    "option_type": null,
    "is_curency": false,
    "is_commodity": false,
    "place_market_order": false,
    "place_target_market_order": false,
    "intraday_squareoff_timestamp": 1664281500,
    "requested_entry": 369.35,
    "entry": 368.65,
    "quantity": 50,
    "filled_quantity": 50,
    "initial_stoploss": 0,
    "stoploss": 448.25,
    "max_loss": 0,
    "target": 0,
    "partial_exit_price": 0,
    "partial_exit_quantity": 0,
    "cmp": 482.45,
    "tradestate": "completed",
    "timestamp": 1664250540,
    "create_timestamp": 1664257213,
    "start_timestamp": 1664257214,
    "end_timestamp": 1664259672,
    "pnl": -4707.5,
    "pnl_percentage": -25.54,
    "exit": 462.8,
    "exitreason": "TRAIL_SL_HIT",
    "entry_order": {
      "trading_symbol": "BANKNIFTY22SEP38500CE",
      "exchange": "NSE",
      "uid": null,
      "product_type": "intraday",
      "order_type": "LIMIT",
      "price": 369.35,
      "trigger_price": 0,
      "quantity": 50,
      "direction": "SHORT",
      "order_id": 7545,
      "order_status": "COMPLETE",
      "average_price": 368.65,
      "filled_quantity": 50,
      "pending_quantity": 0,
      "orderplacetimestamp": 1664257214,
      "lastorderupdatetimestamp": 1664257214,
      "message": null,
      "order_": "entry_order"
    },
    "sl_order": {
      "trading_symbol": "BANKNIFTY22SEP38500CE",
      "exchange": "NSE",
      "uid": null,
      "product_type": "intraday",
      "order_type": "SL_MARKET",
      "price": 0,
      "trigger_price": 448.25,
      "quantity": 50,
      "direction": "LONG",
      "order_id": 7626,
      "order_status": "COMPLETE",
      "average_price": 462.8,
      "filled_quantity": 50,
      "pending_quantity": 0,
      "orderplacetimestamp": 1664259642,
      "lastorderupdatetimestamp": 1664259642,
      "message": null,
      "order_": "sl_order"
    },
    "target_order": null,
    "partial_exit_order": null
  },
  {
    "exchange": "NFO",
    "trade_id": "b72d8b3d-d048-4886-a867-4cd183abc37d",
    "trading_symbol": "BANKNIFTY22SEP38500PE",
    "ticker_symbol_dict": {
      "name": "BANKNIFTY",
      "instrument_type": "PE",
      "strike": 38500.0,
      "expiry": "29-09-2022",
      "exchange": "NFO"
    },
    "underlying": "BANKNIFTY",
    "underlying_price": 38472.15,
    "broker": "jugaadtrader",
    "uid": "jugaadtrader_RP7365",
    "strategy": "BankniftyStraddleAdjust",
    "direction": "SHORT",
    "product_type": "intraday",
    "is_futures": false,
    "is_options": true,
    "straddle_id": null,
    "option_type": null,
    "is_curency": false,
    "is_commodity": false,
    "place_market_order": false,
    "place_target_market_order": false,
    "intraday_squareoff_timestamp": 1664281500,
    "requested_entry": 387,
    "entry": 387.65,
    "quantity": 50,
    "filled_quantity": 50,
    "initial_stoploss": 0,
    "stoploss": 0,
    "max_loss": 0,
    "target": 0,
    "partial_exit_price": 0,
    "partial_exit_quantity": 0,
    "cmp": 449.65,
    "tradestate": "active",
    "timestamp": 1664250540,
    "create_timestamp": 1664257213,
    "start_timestamp": 1664257214,
    "end_timestamp": null,
    "pnl": -3100.0,
    "pnl_percentage": -15.99,
    "exit": 0,
    "exitreason": null,
    "entry_order": {
      "trading_symbol": "BANKNIFTY22SEP38500PE",
      "exchange": "NSE",
      "uid": null,
      "product_type": "intraday",
      "order_type": "LIMIT",
      "price": 387,
      "trigger_price": 0,
      "quantity": 50,
      "direction": "SHORT",
      "order_id": 8300,
      "order_status": "COMPLETE",
      "average_price": 387.65,
      "filled_quantity": 50,
      "pending_quantity": 0,
      "orderplacetimestamp": 1664257214,
      "lastorderupdatetimestamp": 1664257214,
      "message": null,
      "order_": "entry_order"
    },
    "sl_order": null,
    "target_order": null,
    "partial_exit_order": null
  },
  {
    "exchange": "NFO",
    "trade_id": "335d32c1-e1a3-4bb9-9ea8-c3fbeddc7a5a",
    "trading_symbol": "BANKNIFTY22SEP38600CE",
    "ticker_symbol_dict": {
      "name": "BANKNIFTY",
      "instrument_type": "CE",
      "strike": 38600.0,
      "expiry": "29-09-2022",
      "exchange": "NFO"
    },
    "underlying": "BANKNIFTY",
    "underlying_price": 38472.15,
    "broker": "jugaadtrader",
    "uid": "jugaadtrader_RP7365",
    "strategy": "BankniftyStraddleAdjust",
    "direction": "SHORT",
    "product_type": "intraday",
    "is_futures": false,
    "is_options": true,
    "straddle_id": null,
    "option_type": null,
    "is_curency": false,
    "is_commodity": false,
    "place_market_order": false,
    "place_target_market_order": false,
    "intraday_squareoff_timestamp": 1664281500,
    "requested_entry": 390.95,
    "entry": 393.7,
    "quantity": 50,
    "filled_quantity": 50,
    "initial_stoploss": 0,
    "stoploss": 0,
    "max_loss": 0,
    "target": 0,
    "partial_exit_price": 0,
    "partial_exit_quantity": 0,
    "cmp": 221.95,
    "tradestate": "active",
    "timestamp": 1664250540,
    "create_timestamp": 1664259621,
    "start_timestamp": 1664259622,
    "end_timestamp": null,
    "pnl": 8587.5,
    "pnl_percentage": 43.62,
    "exit": 0,
    "exitreason": null,
    "entry_order": {
      "trading_symbol": "BANKNIFTY22SEP38600CE",
      "exchange": "NSE",
      "uid": null,
      "product_type": "intraday",
      "order_type": "LIMIT",
      "price": 390.95,
      "trigger_price": 0,
      "quantity": 50,
      "direction": "SHORT",
      "order_id": 8112,
      "order_status": "COMPLETE",
      "average_price": 393.7,
      "filled_quantity": 50,
      "pending_quantity": 0,
      "orderplacetimestamp": 1664259622,
      "lastorderupdatetimestamp": 1664259622,
      "message": null,
      "order_": "entry_order"
    },
    "sl_order": null,
    "target_order": null,
    "partial_exit_order": null
  },
  {
    "exchange": "NFO",
    "trade_id": "017fcf8a-6e7f-45ea-842d-d98e3d780d60",
    "trading_symbol": "BANKNIFTY22SEP38700PE",
    "ticker_symbol_dict": {
      "name": "BANKNIFTY",
      "instrument_type": "PE",
      "strike": 38700.0,
      "expiry": "29-09-2022",
      "exchange": "NFO"
    },
    "underlying": "BANKNIFTY",
    "underlying_price": 38472.15,
    "broker": "jugaadtrader",
    "uid": "jugaadtrader_RP7365",
    "strategy": "BankniftyStraddleAdjust",
    "direction": "SHORT",
    "product_type": "intraday",
    "is_futures": false,
    "is_options": true,
    "straddle_id": null,
    "option_type": null,
    "is_curency": false,
    "is_commodity": false,
    "place_market_order": false,
    "place_target_market_order": false,
    "intraday_squareoff_timestamp": 1664281500,
    "requested_entry": 370.2,
    "entry": 367.25,
    "quantity": 50,
    "filled_quantity": 50,
    "initial_stoploss": 0,
    "stoploss": 527.85,
    "max_loss": 0,
    "target": 0,
    "partial_exit_price": 0,
    "partial_exit_quantity": 0,
    "cmp": 539.3,
    "tradestate": "completed",
    "timestamp": 1664250540,
    "create_timestamp": 1664259621,
    "start_timestamp": 1664259623,
    "end_timestamp": 1664269284,
    "pnl": -8037.5,
    "pnl_percentage": -43.77,
    "exit": 528,
    "exitreason": "TRAIL_SL_HIT",
    "entry_order": {
      "trading_symbol": "BANKNIFTY22SEP38700PE",
      "exchange": "NSE",
      "uid": null,
      "product_type": "intraday",
      "order_type": "LIMIT",
      "price": 370.2,
      "trigger_price": 0,
      "quantity": 50,
      "direction": "SHORT",
      "order_id": 8546,
      "order_status": "COMPLETE",
      "average_price": 367.25,
      "filled_quantity": 50,
      "pending_quantity": 0,
      "orderplacetimestamp": 1664259623,
      "lastorderupdatetimestamp": 1664259623,
      "message": null,
      "order_": "entry_order"
    },
    "sl_order": {
      "trading_symbol": "BANKNIFTY22SEP38700PE",
      "exchange": "NSE",
      "uid": null,
      "product_type": "intraday",
      "order_type": "SL_MARKET",
      "price": 0,
      "trigger_price": 527.85,
      "quantity": 50,
      "direction": "LONG",
      "order_id": 4467,
      "order_status": "COMPLETE",
      "average_price": 528,
      "filled_quantity": 50,
      "pending_quantity": 0,
      "orderplacetimestamp": 1664269254,
      "lastorderupdatetimestamp": 1664269254,
      "message": null,
      "order_": "sl_order"
    },
    "target_order": null,
    "partial_exit_order": null
  },
  {
    "exchange": "NFO",
    "trade_id": "625e77a8-0f00-4dbe-a543-a4c745e3f40e",
    "trading_symbol": "BANKNIFTY22SEP38400CE",
    "ticker_symbol_dict": {
      "name": "BANKNIFTY",
      "instrument_type": "CE",
      "strike": 38400.0,
      "expiry": "29-09-2022",
      "exchange": "NFO"
    },
    "underlying": "BANKNIFTY",
    "underlying_price": 38675,
    "broker": "jugaadtrader",
    "uid": "jugaadtrader_RP7365",
    "strategy": "BankniftyStraddleAdjust",
    "direction": "SHORT",
    "product_type": "intraday",
    "is_futures": false,
    "is_options": true,
    "straddle_id": null,
    "option_type": null,
    "is_curency": false,
    "is_commodity": false,
    "place_market_order": false,
    "place_target_market_order": false,
    "intraday_squareoff_timestamp": 1664281500,
    "requested_entry": 362.9,
    "entry": 365.15,
    "quantity": 50,
    "filled_quantity": 50,
    "initial_stoploss": 0,
    "stoploss": 0,
    "max_loss": 0,
    "target": 0,
    "partial_exit_price": 0,
    "partial_exit_quantity": 0,
    "cmp": 301.35,
    "tradestate": "active",
    "timestamp": 1664250540,
    "create_timestamp": 1664269236,
    "start_timestamp": 1664269236,
    "end_timestamp": null,
    "pnl": 3190.0,
    "pnl_percentage": 17.47,
    "exit": 0,
    "exitreason": null,
    "entry_order": {
      "trading_symbol": "BANKNIFTY22SEP38400CE",
      "exchange": "NSE",
      "uid": null,
      "product_type": "intraday",
      "order_type": "LIMIT",
      "price": 362.9,
      "trigger_price": 0,
      "quantity": 50,
      "direction": "SHORT",
      "order_id": 1315,
      "order_status": "COMPLETE",
      "average_price": 365.15,
      "filled_quantity": 50,
      "pending_quantity": 0,
      "orderplacetimestamp": 1664269236,
      "lastorderupdatetimestamp": 1664269236,
      "message": null,
      "order_": "entry_order"
    },
    "sl_order": null,
    "target_order": null,
    "partial_exit_order": null
  }
]