[
  {
    "exchange": "NFO",
    "trade_id": "8131dba2-f72d-449e-b60d-fdccbc5725ce",
    "trading_symbol": "NIFTY2292217650CE",
    "ticker_symbol_dict": null,
    "broker": "jugaadtrader",
    "uid": "jugaadtrader_RP7365",
    "strategy": "NiftyShortStraddleISL920",
    "direction": "SHORT",
    "product_type": "intraday",
    "is_futures": false,
    "is_options": true,
    "straddle_id": null,
    "option_type": null,
    "is_curency": false,
    "is_commodity": false,
    "place_market_order": false,
    "intraday_squareoff_timestamp": null,
    "requested_entry": 139.75,
    "entry": 139.7,
    "quantity": 250.0,
    "filled_quantity": 250.0,
    "initial_stoploss": 167.7,
    "stoploss": 167.7,
    "max_loss": 0,
    "target": 69.875,
    "cmp": 139.95,
    "tradestate": "active",
    "timestamp": 1663559340,
    "create_timestamp": 1663570469,
    "start_timestamp": 1663570469,
    "end_timestamp": null,
    "pnl": -62.5,
    "pnl_percentage": -0.18,
    "exit": 0,
    "exitreason": null,
    "entry_order": {
      "trading_symbol": "NIFTY2292217650CE",
      "exchange": "NSE",
      "uid": null,
      "product_type": "intraday",
      "order_type": "LIMIT",
      "price": 139.75,
      "trigger_price": 0,
      "quantity": 250.0,
      "direction": "SHORT",
      "order_id": 8948,
      "order_status": "COMPLETE",
      "average_price": 139.7,
      "filled_quantity": 250.0,
      "pending_quantity": 0,
      "orderplacetimestamp": 1663570469,
      "lastorderupdatetimestamp": 1663570469,
      "message": null,
      "order_": "entry_order"
    },
    "sl_order": {
      "trading_symbol": "NIFTY2292217650CE",
      "exchange": "NSE",
      "uid": null,
      "product_type": "intraday",
      "order_type": "SL_MARKET",
      "price": 0,
      "trigger_price": 167.7,
      "quantity": 250.0,
      "direction": "LONG",
      "order_id": 6352,
      "order_status": "OPEN",
      "average_price": 0,
      "filled_quantity": 0,
      "pending_quantity": 0,
      "orderplacetimestamp": 1663570498,
      "lastorderupdatetimestamp": 1663570498,
      "message": null,
      "order_": "sl_order"
    },
    "target_order": {
      "trading_symbol": "NIFTY2292217650CE",
      "exchange": "NSE",
      "uid": null,
      "product_type": "intraday",
      "order_type": "LIMIT",
      "price": 69.875,
      "trigger_price": 0,
      "quantity": 250.0,
      "direction": "LONG",
      "order_id": 2025,
      "order_status": "OPEN",
      "average_price": 0,
      "filled_quantity": 0,
      "pending_quantity": 0,
      "orderplacetimestamp": 1663570498,
      "lastorderupdatetimestamp": 1663570498,
      "message": null,
      "order_": "target_order"
    },
    "intraday_square_off_timestamp": 1663579500
  },
  {
    "exchange": "NFO",
    "trade_id": "f77f57df-27f5-4f05-8c41-d4a704604ab3",
    "trading_symbol": "NIFTY2292217650PE",
    "ticker_symbol_dict": null,
    "broker": "jugaadtrader",
    "uid": "jugaadtrader_RP7365",
    "strategy": "NiftyShortStraddleISL920",
    "direction": "SHORT",
    "product_type": "intraday",
    "is_futures": false,
    "is_options": true,
    "straddle_id": null,
    "option_type": null,
    "is_curency": false,
    "is_commodity": false,
    "place_market_order": false,
    "intraday_squareoff_timestamp": null,
    "requested_entry": 150.45,
    "entry": 150.65,
    "quantity": 250.0,
    "filled_quantity": 250.0,
    "initial_stoploss": 180.54,
    "stoploss": 180.54,
    "max_loss": 0,
    "target": 75.225,
    "cmp": 146.35,
    "tradestate": "active",
    "timestamp": 1663559340,
    "create_timestamp": 1663570469,
    "start_timestamp": 1663570469,
    "end_timestamp": null,
    "pnl": 1075.0,
    "pnl_percentage": 2.85,
    "exit": 0,
    "exitreason": null,
    "entry_order": {
      "trading_symbol": "NIFTY2292217650PE",
      "exchange": "NSE",
      "uid": null,
      "product_type": "intraday",
      "order_type": "LIMIT",
      "price": 150.45,
      "trigger_price": 0,
      "quantity": 250.0,
      "direction": "SHORT",
      "order_id": 9225,
      "order_status": "COMPLETE",
      "average_price": 150.65,
      "filled_quantity": 250.0,
      "pending_quantity": 0,
      "orderplacetimestamp": 1663570469,
      "lastorderupdatetimestamp": 1663570469,
      "message": null,
      "order_": "entry_order"
    },
    "sl_order": {
      "trading_symbol": "NIFTY2292217650PE",
      "exchange": "NSE",
      "uid": null,
      "product_type": "intraday",
      "order_type": "SL_MARKET",
      "price": 0,
      "trigger_price": 180.54,
      "quantity": 250.0,
      "direction": "LONG",
      "order_id": 1829,
      "order_status": "OPEN",
      "average_price": 0,
      "filled_quantity": 0,
      "pending_quantity": 0,
      "orderplacetimestamp": 1663570498,
      "lastorderupdatetimestamp": 1663570498,
      "message": null,
      "order_": "sl_order"
    },
    "target_order": {
      "trading_symbol": "NIFTY2292217650PE",
      "exchange": "NSE",
      "uid": null,
      "product_type": "intraday",
      "order_type": "LIMIT",
      "price": 75.225,
      "trigger_price": 0,
      "quantity": 250.0,
      "direction": "LONG",
      "order_id": 6799,
      "order_status": "OPEN",
      "average_price": 0,
      "filled_quantity": 0,
      "pending_quantity": 0,
      "orderplacetimestamp": 1663570498,
      "lastorderupdatetimestamp": 1663570498,
      "message": null,
      "order_": "target_order"
    },
    "intraday_square_off_timestamp": 1663579500
  }
]