[
  {
    "exchange": "",
    "trade_id": "d0ca3c0e-2c1c-4533-82f1-b3062803a66c",
    "trading_symbol": "NIFTY22SEP16900CE",
    "ticker_symbol_dict": {
      "name": "NIFTY",
      "instrument_type": "CE",
      "strike": 16900.0,
      "expiry": "29-09-2022",
      "exchange": "NFO"
    },
    "underlying": null,
    "underlying_price": 0,
    "broker": "jugaadtrader",
    "uid": "jugaadtrader_RP7365",
    "strategy": "NiftyShortStraddleISL920rentry1330",
    "direction": "SHORT",
    "product_type": "intraday",
    "is_futures": false,
    "is_options": true,
    "straddle_id": "a5ee3569-f686-419e-8cd3-066cbc7c3aa5-jugaadtrader_RP7365",
    "option_type": null,
    "is_curency": false,
    "is_commodity": false,
    "place_market_order": false,
    "place_target_market_order": false,
    "intraday_squareoff_timestamp": null,
    "requested_entry": 110.8,
    "entry": 112.3,
    "quantity": 100,
    "filled_quantity": 100,
    "initial_stoploss": 166.2,
    "stoploss": 166.2,
    "max_loss": -3000.0,
    "target": 0,
    "partial_exit_price": 0,
    "partial_exit_quantity": 0,
    "cmp": 165.75,
    "tradestate": "completed",
    "timestamp": 1664336940,
    "create_timestamp": 1664341019,
    "start_timestamp": 1664341019,
    "end_timestamp": 1664346270,
    "pnl": -5445.0,
    "pnl_percentage": -48.49,
    "exit": 166.75,
    "exitreason": "SL_HIT",
    "entry_order": {
      "trading_symbol": "NIFTY22SEP16900CE",
      "exchange": "NSE",
      "uid": null,
      "product_type": "intraday",
      "order_type": "LIMIT",
      "price": 110.8,
      "trigger_price": 0,
      "quantity": 100,
      "direction": "SHORT",
      "order_id": 2136,
      "order_status": "COMPLETE",
      "average_price": 112.3,
      "filled_quantity": 100,
      "pending_quantity": 0,
      "orderplacetimestamp": 1664341019,
      "lastorderupdatetimestamp": 1664341019,
      "message": null,
      "order_": "entry_order"
    },
    "sl_order": {
      "trading_symbol": "NIFTY22SEP16900CE",
      "exchange": "NSE",
      "uid": null,
      "product_type": "intraday",
      "order_type": "SL_MARKET",
      "price": 0,
      "trigger_price": 166.2,
      "quantity": 100,
      "direction": "LONG",
      "order_id": 2760,
      "order_status": "COMPLETE",
      "average_price": 166.75,
      "filled_quantity": 100,
      "pending_quantity": 0,
      "orderplacetimestamp": 1664341044,
      "lastorderupdatetimestamp": 1664341044,
      "message": null,
      "order_": "sl_order"
    },
    "target_order": null,
    "partial_exit_order": null,
    "intraday_square_off_timestamp": 1664367900
  },
  {
    "exchange": "",
    "trade_id": "3bc9ae85-41b9-4cfb-808d-05d17fc4b6d7",
    "trading_symbol": "NIFTY22SEP16950PE",
    "ticker_symbol_dict": {
      "name": "NIFTY",
      "instrument_type": "PE",
      "strike": 16950.0,
      "expiry": "29-09-2022",
      "exchange": "NFO"
    },
    "underlying": null,
    "underlying_price": 0,
    "broker": "jugaadtrader",
    "uid": "jugaadtrader_RP7365",
    "strategy": "NiftyShortStraddleISL920rentry1330",
    "direction": "SHORT",
    "product_type": "intraday",
    "is_futures": false,
    "is_options": true,
    "straddle_id": "a5ee3569-f686-419e-8cd3-066cbc7c3aa5-jugaadtrader_RP7365",
    "option_type": null,
    "is_curency": false,
    "is_commodity": false,
    "place_market_order": false,
    "place_target_market_order": false,
    "intraday_squareoff_timestamp": null,
    "requested_entry": 111.3,
    "entry": 111,
    "quantity": 100,
    "filled_quantity": 100,
    "initial_stoploss": 166.95,
    "stoploss": 111,
    "max_loss": -3000.0,
    "target": 0,
    "partial_exit_price": 0,
    "partial_exit_quantity": 0,
    "cmp": 85.7,
    "tradestate": "completed",
    "timestamp": 1664336940,
    "create_timestamp": 1664341019,
    "start_timestamp": 1664341019,
    "end_timestamp": 1664349963,
    "pnl": 2530.0,
    "pnl_percentage": 22.79,
    "exit": 85.7,
    "exitreason": "MAX LOSS",
    "entry_order": {
      "trading_symbol": "NIFTY22SEP16950PE",
      "exchange": "NSE",
      "uid": null,
      "product_type": "intraday",
      "order_type": "LIMIT",
      "price": 111.3,
      "trigger_price": 0,
      "quantity": 100,
      "direction": "SHORT",
      "order_id": 7162,
      "order_status": "COMPLETE",
      "average_price": 111,
      "filled_quantity": 100,
      "pending_quantity": 0,
      "orderplacetimestamp": 1664341019,
      "lastorderupdatetimestamp": 1664341019,
      "message": null,
      "order_": "entry_order"
    },
    "sl_order": {
      "trading_symbol": "NIFTY22SEP16950PE",
      "exchange": "NSE",
      "uid": null,
      "product_type": "intraday",
      "order_type": "SL_MARKET",
      "price": 0,
      "trigger_price": 111,
      "quantity": 100,
      "direction": "LONG",
      "order_id": 3819,
      "order_status": "CANCELLED",
      "average_price": 0,
      "filled_quantity": 0,
      "pending_quantity": 0,
      "orderplacetimestamp": 1664341044,
      "lastorderupdatetimestamp": 1664349933,
      "message": null,
      "order_": "sl_order"
    },
    "target_order": {
      "trading_symbol": "NIFTY22SEP16950PE",
      "exchange": "NSE",
      "uid": null,
      "product_type": "intraday",
      "order_type": "LIMIT",
      "price": 0,
      "trigger_price": 0,
      "quantity": 100,
      "direction": "LONG",
      "order_id": 3141,
      "order_status": "CANCELLED",
      "average_price": 0,
      "filled_quantity": 0,
      "pending_quantity": 0,
      "orderplacetimestamp": 1664349933,
      "lastorderupdatetimestamp": 1664349963,
      "message": null,
      "order_": "target_order"
    },
    "partial_exit_order": null,
    "intraday_square_off_timestamp": 1664367900
  }
]