[
  {
    "exchange": "NFO",
    "trade_id": "63a225d1-d4d5-4212-99da-4a735a75041e",
    "trading_symbol": "NIFTY2292217700CE",
    "ticker_symbol_dict": {
      "name": "NIFTY",
      "instrument_type": "CE",
      "strike": 17700.0,
      "expiry": "22-09-2022",
      "exchange": "NFO"
    },
    "broker": "jugaadtrader",
    "uid": "jugaadtrader_RP7365",
    "strategy": "NiftyShortStraddleISL920",
    "direction": "SHORT",
    "product_type": "intraday",
    "is_futures": false,
    "is_options": true,
    "straddle_id": "fc8adaee-7d99-4059-84c3-6b1461044d7a-jugaadtrader_RP7365",
    "option_type": null,
    "is_curency": false,
    "is_commodity": false,
    "place_market_order": false,
    "intraday_squareoff_timestamp": null,
    "requested_entry": 158.85,
    "entry": 158.55,
    "quantity": 250.0,
    "filled_quantity": 250.0,
    "initial_stoploss": 190.62,
    "stoploss": 158.55,
    "max_loss": -7500.0,
    "target": 79.425,
    "cmp": 100.55,
    "tradestate": "active",
    "timestamp": 1663300140,
    "create_timestamp": 1663305285,
    "start_timestamp": 1663305286,
    "end_timestamp": null,
    "pnl": 14500.0,
    "pnl_percentage": 36.58,
    "exit": 0,
    "exitreason": null,
    "entry_order": {
      "trading_symbol": "NIFTY2292217700CE",
      "exchange": "NSE",
      "uid": null,
      "product_type": "intraday",
      "order_type": "LIMIT",
      "price": 158.85,
      "trigger_price": 0,
      "quantity": 250.0,
      "direction": "SHORT",
      "order_id": 1242,
      "order_status": "COMPLETE",
      "average_price": 158.55,
      "filled_quantity": 250.0,
      "pending_quantity": 0,
      "orderplacetimestamp": 1663305286,
      "lastorderupdatetimestamp": 1663305286,
      "message": null,
      "order_": "entry_order"
    },
    "sl_order": {
      "trading_symbol": "NIFTY2292217700CE",
      "exchange": "NSE",
      "uid": null,
      "product_type": "intraday",
      "order_type": "SL_MARKET",
      "price": 0,
      "trigger_price": 158.55,
      "quantity": 250.0,
      "direction": "LONG",
      "order_id": 1553,
      "order_status": "OPEN",
      "average_price": 0,
      "filled_quantity": 0,
      "pending_quantity": 0,
      "orderplacetimestamp": 1663305286,
      "lastorderupdatetimestamp": 1663313996,
      "message": null,
      "order_": "sl_order"
    },
    "target_order": {
      "trading_symbol": "NIFTY2292217700CE",
      "exchange": "NSE",
      "uid": null,
      "product_type": "intraday",
      "order_type": "LIMIT",
      "price": 79.425,
      "trigger_price": 0,
      "quantity": 250.0,
      "direction": "LONG",
      "order_id": 2271,
      "order_status": "OPEN",
      "average_price": 0,
      "filled_quantity": 0,
      "pending_quantity": 0,
      "orderplacetimestamp": 1663305286,
      "lastorderupdatetimestamp": 1663305286,
      "message": null,
      "order_": "target_order"
    },
    "intraday_square_off_timestamp": 1663320300
  },
  {
    "exchange": "NFO",
    "trade_id": "7680bdbf-d9ab-4b06-9754-f0718c3b3854",
    "trading_symbol": "NIFTY2292217700PE",
    "ticker_symbol_dict": {
      "name": "NIFTY",
      "instrument_type": "PE",
      "strike": 17700.0,
      "expiry": "22-09-2022",
      "exchange": "NFO"
    },
    "broker": "jugaadtrader",
    "uid": "jugaadtrader_RP7365",
    "strategy": "NiftyShortStraddleISL920",
    "direction": "SHORT",
    "product_type": "intraday",
    "is_futures": false,
    "is_options": true,
    "straddle_id": "fc8adaee-7d99-4059-84c3-6b1461044d7a-jugaadtrader_RP7365",
    "option_type": null,
    "is_curency": false,
    "is_commodity": false,
    "place_market_order": false,
    "intraday_squareoff_timestamp": null,
    "requested_entry": 163.5,
    "entry": 163.35,
    "quantity": 250.0,
    "filled_quantity": 250.0,
    "initial_stoploss": 196.2,
    "stoploss": 196.2,
    "max_loss": -7500.0,
    "target": 81.75,
    "cmp": 198.2,
    "tradestate": "completed",
    "timestamp": 1663300140,
    "create_timestamp": 1663305285,
    "start_timestamp": 1663305286,
    "end_timestamp": 1663313996,
    "pnl": -8312.5,
    "pnl_percentage": -20.36,
    "exit": 196.6,
    "exitreason": "SL_HIT",
    "entry_order": {
      "trading_symbol": "NIFTY2292217700PE",
      "exchange": "NSE",
      "uid": null,
      "product_type": "intraday",
      "order_type": "LIMIT",
      "price": 163.5,
      "trigger_price": 0,
      "quantity": 250.0,
      "direction": "SHORT",
      "order_id": 5936,
      "order_status": "COMPLETE",
      "average_price": 163.35,
      "filled_quantity": 250.0,
      "pending_quantity": 0,
      "orderplacetimestamp": 1663305286,
      "lastorderupdatetimestamp": 1663305286,
      "message": null,
      "order_": "entry_order"
    },
    "sl_order": {
      "trading_symbol": "NIFTY2292217700PE",
      "exchange": "NSE",
      "uid": null,
      "product_type": "intraday",
      "order_type": "SL_MARKET",
      "price": 0,
      "trigger_price": 196.2,
      "quantity": 250.0,
      "direction": "LONG",
      "order_id": 4216,
      "order_status": "COMPLETE",
      "average_price": 196.6,
      "filled_quantity": 250.0,
      "pending_quantity": 0,
      "orderplacetimestamp": 1663305286,
      "lastorderupdatetimestamp": 1663305286,
      "message": null,
      "order_": "sl_order"
    },
    "target_order": {
      "trading_symbol": "NIFTY2292217700PE",
      "exchange": "NSE",
      "uid": null,
      "product_type": "intraday",
      "order_type": "LIMIT",
      "price": 81.75,
      "trigger_price": 0,
      "quantity": 250.0,
      "direction": "LONG",
      "order_id": 9114,
      "order_status": "OPEN",
      "average_price": 0,
      "filled_quantity": 0,
      "pending_quantity": 0,
      "orderplacetimestamp": 1663305286,
      "lastorderupdatetimestamp": 1663305286,
      "message": null,
      "order_": "target_order"
    },
    "intraday_square_off_timestamp": 1663320300
  }
]