[
  {
    "exchange": "NFO",
    "trade_id": "81b5b498-9907-4675-9d5b-f035c0901942",
    "trading_symbol": "NIFTY22SEP17000CE",
    "ticker_symbol_dict": {
      "name": "NIFTY",
      "instrument_type": "CE",
      "strike": 17000.0,
      "expiry": "29-09-2022",
      "exchange": "NFO"
    },
    "underlying": null,
    "underlying_price": 0,
    "broker": "jugaadtrader",
    "uid": "jugaadtrader_RP7365",
    "strategy": "NiftyShortStraddleISL920",
    "direction": "SHORT",
    "product_type": "intraday",
    "is_futures": false,
    "is_options": true,
    "straddle_id": "b0bb75ef-e94b-4171-86c8-0ee83d491144-jugaadtrader_RP7365",
    "option_type": null,
    "is_curency": false,
    "is_commodity": false,
    "place_market_order": false,
    "place_target_market_order": false,
    "intraday_squareoff_timestamp": 1664195100,
    "requested_entry": 160.5,
    "entry": 0,
    "quantity": 100,
    "filled_quantity": 0,
    "initial_stoploss": 192.6,
    "stoploss": 192.6,
    "max_loss": -3000.0,
    "target": 80.25,
    "partial_exit_price": 0,
    "partial_exit_quantity": 0,
    "cmp": 160.5,
    "tradestate": "active",
    "timestamp": 1664164140,
    "create_timestamp": 1664194774,
    "start_timestamp": 1664194775,
    "end_timestamp": null,
    "pnl": -0.0,
    "pnl_percentage": 0,
    "exit": 0,
    "exitreason": null,
    "entry_order": {
      "trading_symbol": "NIFTY22SEP17000CE",
      "exchange": "NSE",
      "uid": null,
      "product_type": "intraday",
      "order_type": "LIMIT",
      "price": 160.5,
      "trigger_price": 0,
      "quantity": 100,
      "direction": "SHORT",
      "order_id": 5071,
      "order_status": "OPEN",
      "average_price": 0,
      "filled_quantity": 0,
      "pending_quantity": 0,
      "orderplacetimestamp": 1664194775,
      "lastorderupdatetimestamp": 1664194775,
      "message": null,
      "order_": "entry_order"
    },
    "sl_order": {
      "trading_symbol": "NIFTY22SEP17000CE",
      "exchange": "NSE",
      "uid": null,
      "product_type": "intraday",
      "order_type": "SL_MARKET",
      "price": 0,
      "trigger_price": 192.6,
      "quantity": 100,
      "direction": "LONG",
      "order_id": 1232,
      "order_status": "OPEN",
      "average_price": 0,
      "filled_quantity": 0,
      "pending_quantity": 0,
      "orderplacetimestamp": 1664194800,
      "lastorderupdatetimestamp": 1664194800,
      "message": null,
      "order_": "sl_order"
    },
    "target_order": {
      "trading_symbol": "NIFTY22SEP17000CE",
      "exchange": "NSE",
      "uid": null,
      "product_type": "intraday",
      "order_type": "LIMIT",
      "price": 80.25,
      "trigger_price": 0,
      "quantity": 100,
      "direction": "LONG",
      "order_id": 2756,
      "order_status": "OPEN",
      "average_price": 0,
      "filled_quantity": 0,
      "pending_quantity": 0,
      "orderplacetimestamp": 1664194800,
      "lastorderupdatetimestamp": 1664194800,
      "message": null,
      "order_": "target_order"
    },
    "partial_exit_order": null
  },
  {
    "exchange": "NFO",
    "trade_id": "db7c5725-4c42-4a0f-976b-1d32b5cf2a63",
    "trading_symbol": "NIFTY22SEP17050PE",
    "ticker_symbol_dict": {
      "name": "NIFTY",
      "instrument_type": "PE",
      "strike": 17050.0,
      "expiry": "29-09-2022",
      "exchange": "NFO"
    },
    "underlying": null,
    "underlying_price": 0,
    "broker": "jugaadtrader",
    "uid": "jugaadtrader_RP7365",
    "strategy": "NiftyShortStraddleISL920",
    "direction": "SHORT",
    "product_type": "intraday",
    "is_futures": false,
    "is_options": true,
    "straddle_id": "b0bb75ef-e94b-4171-86c8-0ee83d491144-jugaadtrader_RP7365",
    "option_type": null,
    "is_curency": false,
    "is_commodity": false,
    "place_market_order": false,
    "place_target_market_order": false,
    "intraday_squareoff_timestamp": 1664195100,
    "requested_entry": 150,
    "entry": 0,
    "quantity": 100,
    "filled_quantity": 0,
    "initial_stoploss": 180.0,
    "stoploss": 180.0,
    "max_loss": -3000.0,
    "target": 75.0,
    "partial_exit_price": 0,
    "partial_exit_quantity": 0,
    "cmp": 150,
    "tradestate": "active",
    "timestamp": 1664164140,
    "create_timestamp": 1664194774,
    "start_timestamp": 1664194775,
    "end_timestamp": null,
    "pnl": 0,
    "pnl_percentage": 0,
    "exit": 0,
    "exitreason": null,
    "entry_order": {
      "trading_symbol": "NIFTY22SEP17050PE",
      "exchange": "NSE",
      "uid": null,
      "product_type": "intraday",
      "order_type": "LIMIT",
      "price": 150,
      "trigger_price": 0,
      "quantity": 100,
      "direction": "SHORT",
      "order_id": 4310,
      "order_status": "OPEN",
      "average_price": 0,
      "filled_quantity": 0,
      "pending_quantity": 0,
      "orderplacetimestamp": 1664194775,
      "lastorderupdatetimestamp": 1664194775,
      "message": null,
      "order_": "entry_order"
    },
    "sl_order": {
      "trading_symbol": "NIFTY22SEP17050PE",
      "exchange": "NSE",
      "uid": null,
      "product_type": "intraday",
      "order_type": "SL_MARKET",
      "price": 0,
      "trigger_price": 180.0,
      "quantity": 100,
      "direction": "LONG",
      "order_id": 4478,
      "order_status": "OPEN",
      "average_price": 0,
      "filled_quantity": 0,
      "pending_quantity": 0,
      "orderplacetimestamp": 1664194800,
      "lastorderupdatetimestamp": 1664194800,
      "message": null,
      "order_": "sl_order"
    },
    "target_order": {
      "trading_symbol": "NIFTY22SEP17050PE",
      "exchange": "NSE",
      "uid": null,
      "product_type": "intraday",
      "order_type": "LIMIT",
      "price": 75.0,
      "trigger_price": 0,
      "quantity": 100,
      "direction": "LONG",
      "order_id": 9892,
      "order_status": "OPEN",
      "average_price": 0,
      "filled_quantity": 0,
      "pending_quantity": 0,
      "orderplacetimestamp": 1664194800,
      "lastorderupdatetimestamp": 1664194800,
      "message": null,
      "order_": "target_order"
    },
    "partial_exit_order": null
  }
]